{"cameraMode":{"drawMode":0,"name":"Shaded","section":"Shading Mode"},"sceneLighting":true,"audioPlay":false,"sceneViewState":{"showFog":true,"showMaterialUpdate":false,"showSkybox":true,"showFlares":true,"showImageEffects":true,"showParticleSystems":true},"in2DMode":false,"pivot":{"x":-87.50968933105469,"y":0.6067227721214294,"z":19.86982536315918},"rotation":{"x":-0.0036882038693875076,"y":0.9960614442825317,"z":-0.07334211468696594,"w":-0.049918267875909808},"size":0.027187108993530275,"orthographic":false}