{"cameraMode":{"drawMode":0,"name":"Shaded","section":"Shading Mode"},"sceneLighting":false,"audioPlay":false,"sceneViewState":{"showFog":true,"showMaterialUpdate":false,"showSkybox":false,"showFlares":true,"showImageEffects":true,"showParticleSystems":true},"in2DMode":false,"pivot":{"x":263.7210998535156,"y":486.96307373046877,"z":148.85260009765626},"rotation":{"x":-0.12022018432617188,"y":-0.07911240309476853,"z":0.009610248729586602,"w":-0.9895510673522949},"size":369.0306701660156,"orthographic":false}