{"cameraMode":{"drawMode":0,"name":"Shaded","section":"Shading Mode"},"sceneLighting":false,"audioPlay":false,"sceneViewState":{"showFog":true,"showMaterialUpdate":false,"showSkybox":false,"showFlares":true,"showImageEffects":true,"showParticleSystems":true},"in2DMode":false,"pivot":{"x":-0.8819781541824341,"y":4.511379241943359,"z":-13.586291313171387},"rotation":{"x":0.1922892928123474,"y":-0.007359945215284824,"z":0.0014422378735616804,"w":0.9813092947006226},"size":3.570714235305786,"orthographic":false}