{"cameraMode":{"drawMode":0,"name":"Shaded","section":"Shading Mode"},"sceneLighting":true,"audioPlay":false,"sceneViewState":{"showFog":true,"showMaterialUpdate":false,"showSkybox":false,"showFlares":true,"showImageEffects":true,"showParticleSystems":true},"in2DMode":false,"pivot":{"x":-75.34500122070313,"y":6.010000228881836,"z":25.114999771118165},"rotation":{"x":-0.11282048374414444,"y":-0.6417524814605713,"z":0.09619972109794617,"w":-0.7524799108505249},"size":75.78892517089844,"orthographic":false}