{"cameraMode":{"drawMode":0,"name":"Shaded","section":"Shading Mode"},"sceneLighting":false,"audioPlay":false,"sceneViewState":{"showFog":true,"showMaterialUpdate":false,"showSkybox":false,"showFlares":true,"showImageEffects":true,"showParticleSystems":true},"in2DMode":false,"pivot":{"x":-1.5147314071655274,"y":0.2689633369445801,"z":5.166828632354736},"rotation":{"x":-0.12867821753025056,"y":-0.6655351519584656,"z":0.11801430583000183,"w":-0.7256628274917603},"size":4.708893299102783,"orthographic":false}