{"cameraMode":{"drawMode":0,"name":"Shaded","section":"Shading Mode"},"sceneLighting":false,"audioPlay":false,"sceneViewState":{"showFog":true,"showMaterialUpdate":false,"showSkybox":false,"showFlares":true,"showImageEffects":true,"showParticleSystems":true},"in2DMode":false,"pivot":{"x":-0.0000020265579223632814,"y":-0.5126948952674866,"z":-0.03846085071563721},"rotation":{"x":0.4107401967048645,"y":-0.014533202163875103,"z":0.006567227188497782,"w":0.9116425514221191},"size":0.6164125800132752,"orthographic":false}