{"cameraMode":{"drawMode":0,"name":"Shaded","section":"Shading Mode"},"sceneLighting":true,"audioPlay":false,"sceneViewState":{"showFog":true,"showMaterialUpdate":false,"showSkybox":true,"showFlares":true,"showImageEffects":true,"showParticleSystems":true},"in2DMode":false,"pivot":{"x":-81.22787475585938,"y":-10.59323501586914,"z":10.220216751098633},"rotation":{"x":-0.13565994799137116,"y":-0.8487019538879395,"z":0.4386238753795624,"w":-0.2625677287578583},"size":15.658285140991211,"orthographic":false}