{"cameraMode":{"drawMode":0,"name":"Shaded","section":"Shading Mode"},"sceneLighting":false,"audioPlay":false,"sceneViewState":{"showFog":true,"showMaterialUpdate":false,"showSkybox":false,"showFlares":true,"showImageEffects":true,"showParticleSystems":true},"in2DMode":false,"pivot":{"x":23.0,"y":0.8343810439109802,"z":-23.98761558532715},"rotation":{"x":-0.0913114994764328,"y":0.8445142507553101,"z":-0.15263253450393678,"w":-0.5051581859588623},"size":1.2379335165023804,"orthographic":false}