{"cameraMode":{"drawMode":0,"name":"Shaded","section":"Shading Mode"},"sceneLighting":true,"audioPlay":false,"sceneViewState":{"showFog":true,"showMaterialUpdate":false,"showSkybox":true,"showFlares":true,"showImageEffects":true,"showParticleSystems":true},"in2DMode":false,"pivot":{"x":-66.47833251953125,"y":-1.9463558197021485,"z":16.732635498046876},"rotation":{"x":-0.16391919553279878,"y":-0.7796486020088196,"z":0.22843538224697114,"w":-0.5595777630805969},"size":15.658285140991211,"orthographic":false}