{"cameraMode":{"drawMode":0,"name":"Shaded","section":"Shading Mode"},"sceneLighting":false,"audioPlay":false,"sceneViewState":{"showFog":true,"showMaterialUpdate":false,"showSkybox":false,"showFlares":true,"showImageEffects":true,"showParticleSystems":true},"in2DMode":false,"pivot":{"x":-86.08528137207031,"y":0.445967435836792,"z":22.007797241210939},"rotation":{"x":0.2627541124820709,"y":-0.13293631374835969,"z":0.03657443821430206,"w":0.9549672603607178},"size":2.0088932514190676,"orthographic":false}