{"cameraMode":{"drawMode":0,"name":"Shaded","section":"Shading Mode"},"sceneLighting":true,"audioPlay":false,"sceneViewState":{"showFog":true,"showMaterialUpdate":false,"showSkybox":true,"showFlares":true,"showImageEffects":true,"showParticleSystems":true},"in2DMode":false,"pivot":{"x":-86.93984985351563,"y":2.0756843090057375,"z":-4.852207183837891},"rotation":{"x":-0.08097586780786514,"y":-0.8918613791465759,"z":0.40886640548706057,"w":-0.1760624349117279},"size":1.8937296867370606,"orthographic":false}