{"cameraMode":{"drawMode":0,"name":"Shaded","section":"Shading Mode"},"sceneLighting":false,"audioPlay":false,"sceneViewState":{"showFog":true,"showMaterialUpdate":false,"showSkybox":false,"showFlares":true,"showImageEffects":true,"showParticleSystems":true},"in2DMode":false,"pivot":{"x":-23.548992156982423,"y":24.060413360595704,"z":-13.447955131530762},"rotation":{"x":0.5938089489936829,"y":-0.019560376182198526,"z":0.014440463855862618,"w":0.8042427897453308},"size":6.829953193664551,"orthographic":false}