{"cameraMode":{"drawMode":0,"name":"Shaded","section":"Shading Mode"},"sceneLighting":false,"audioPlay":false,"sceneViewState":{"showFog":true,"showMaterialUpdate":false,"showSkybox":false,"showFlares":true,"showImageEffects":true,"showParticleSystems":true},"in2DMode":false,"pivot":{"x":0.09714430570602417,"y":1.0830330848693848,"z":-2.3959999084472658},"rotation":{"x":0.05692043900489807,"y":0.7083748579025269,"z":-0.05750419944524765,"w":0.7011837959289551},"size":2.0250632762908937,"orthographic":false}