{"cameraMode":{"drawMode":0,"name":"Shaded","section":"Shading Mode"},"sceneLighting":false,"audioPlay":false,"sceneViewState":{"showFog":true,"showMaterialUpdate":false,"showSkybox":false,"showFlares":true,"showImageEffects":true,"showParticleSystems":true},"in2DMode":false,"pivot":{"x":0.8090709447860718,"y":1.6260197162628174,"z":-1.2085580825805665},"rotation":{"x":-0.19508107006549836,"y":0.06765773892402649,"z":-0.013473921455442906,"w":-0.9783762097358704},"size":3.3846161365509035,"orthographic":false}