{"cameraMode":{"drawMode":0,"name":"Shaded","section":"Shading Mode"},"sceneLighting":true,"audioPlay":false,"sceneViewState":{"showFog":true,"showMaterialUpdate":false,"showSkybox":true,"showFlares":true,"showImageEffects":true,"showParticleSystems":true},"in2DMode":false,"pivot":{"x":1008.3567504882813,"y":1069.5533447265625,"z":-97.05953216552735},"rotation":{"x":-0.004490045830607414,"y":-0.06476996093988419,"z":-0.0002944648149423301,"w":0.997896134853363},"size":139.09762573242188,"orthographic":true}