{"cameraMode":{"drawMode":0,"name":"Shaded","section":"Shading Mode"},"sceneLighting":false,"audioPlay":false,"sceneViewState":{"showFog":true,"showMaterialUpdate":false,"showSkybox":false,"showFlares":true,"showImageEffects":true,"showParticleSystems":true},"in2DMode":false,"pivot":{"x":25.0,"y":0.8343810439109802,"z":-24.98761558532715},"rotation":{"x":0.22663666307926179,"y":-0.5977230668067932,"z":0.1810746043920517,"w":0.7474277019500732},"size":1.2379335165023804,"orthographic":false}