{"cameraMode":{"drawMode":0,"name":"Shaded","section":"Shading Mode"},"sceneLighting":true,"audioPlay":false,"sceneViewState":{"showFog":true,"showMaterialUpdate":false,"showSkybox":false,"showFlares":true,"showImageEffects":true,"showParticleSystems":true},"in2DMode":false,"pivot":{"x":-93.93260955810547,"y":-13.905462265014649,"z":36.998878479003909},"rotation":{"x":-0.3619300127029419,"y":-0.20145757496356965,"z":0.08041039854288101,"w":-0.9066481590270996},"size":12.980360984802246,"orthographic":false}