{"cameraMode":{"drawMode":0,"name":"Shaded","section":"Shading Mode"},"sceneLighting":false,"audioPlay":false,"sceneViewState":{"showFog":true,"showMaterialUpdate":false,"showSkybox":false,"showFlares":true,"showImageEffects":true,"showParticleSystems":true},"in2DMode":false,"pivot":{"x":-93.90138244628906,"y":0.4868049919605255,"z":28.722457885742189},"rotation":{"x":-0.0036882038693875076,"y":0.9960614442825317,"z":-0.07334211468696594,"w":-0.049918267875909808},"size":2.0088932514190676,"orthographic":false}