{"cameraMode":{"drawMode":0,"name":"Shaded","section":"Shading Mode"},"sceneLighting":true,"audioPlay":false,"sceneViewState":{"showFog":true,"showMaterialUpdate":false,"showSkybox":true,"showFlares":true,"showImageEffects":true,"showParticleSystems":true},"in2DMode":false,"pivot":{"x":-102.64541625976563,"y":1.7658486366271973,"z":5.499748229980469},"rotation":{"x":-0.2090686708688736,"y":0.6854293346405029,"z":-0.21609097719192506,"w":-0.663165271282196},"size":9.821818351745606,"orthographic":false}