{"cameraMode":{"drawMode":0,"name":"Shaded","section":"Shading Mode"},"sceneLighting":false,"audioPlay":false,"sceneViewState":{"showFog":true,"showMaterialUpdate":false,"showSkybox":false,"showFlares":true,"showImageEffects":true,"showParticleSystems":true},"in2DMode":false,"pivot":{"x":-27.38064956665039,"y":23.880617141723634,"z":-12.086546897888184},"rotation":{"x":-0.07834833860397339,"y":-0.7520281672477722,"z":0.09092295169830322,"w":-0.6481408476829529},"size":0.9075838327407837,"orthographic":false}