{"cameraMode":{"drawMode":0,"name":"Shaded","section":"Shading Mode"},"sceneLighting":true,"audioPlay":false,"sceneViewState":{"showFog":true,"showMaterialUpdate":false,"showSkybox":true,"showFlares":true,"showImageEffects":true,"showParticleSystems":true},"in2DMode":false,"pivot":{"x":-0.8598556518554688,"y":1.10493803024292,"z":0.0},"rotation":{"x":0.3439072370529175,"y":-0.06294035166501999,"z":0.023330161347985269,"w":0.9366538524627686},"size":2.0088930130004885,"orthographic":false}