{"cameraMode":{"drawMode":0,"name":"Shaded","section":"Shading Mode"},"sceneLighting":false,"audioPlay":false,"sceneViewState":{"showFog":true,"showMaterialUpdate":false,"showSkybox":false,"showFlares":true,"showImageEffects":true,"showParticleSystems":true},"in2DMode":false,"pivot":{"x":12.638992309570313,"y":3.4934253692626955,"z":-1.767746925354004},"rotation":{"x":-0.18795105814933778,"y":-0.169656440615654,"z":0.03298042342066765,"w":-0.9668549299240112},"size":6.730128765106201,"orthographic":false}