{"cameraMode":{"drawMode":0,"name":"Shaded","section":"Shading Mode"},"sceneLighting":true,"audioPlay":false,"sceneViewState":{"showFog":true,"showMaterialUpdate":false,"showSkybox":true,"showFlares":true,"showImageEffects":true,"showParticleSystems":true},"in2DMode":false,"pivot":{"x":-65.68738555908203,"y":5.579081058502197,"z":39.05738067626953},"rotation":{"x":0.20509755611419679,"y":0.06309861689805985,"z":-0.013251290656626225,"w":0.9766172170639038},"size":5.386809349060059,"orthographic":false}